account_id,explanation
ACC004129,"1. CRITICAL

2. CASE SUMMARY: The account exhibits a rapid funds transfer/pass-through typology, receiving $8,613 (120.8x its typical transaction size) and forwarding $8,131 within 2 hours, combined with fan-in aggregation from 11 unrelated accounts (22.0x baseline rate) and fan-out smurfing as one of 8 rapid recipients from a single source within 300 minutes. This pattern is suspicious because the rapid pass-through defeats manual review by occurring too quickly for human intervention, while the aggregation of funds from numerous unrelated sources followed by immediate dispersal indicates the account is being used as a mule collection point to layer and integrate illicit proceeds, obscuring the origin of funds through structured, high-velocity movement.

3. RECOMMENDED ACTION: File a SAR and freeze the account immediately due to the CRITICAL risk score (100/100) and multiple corroborating patterns (fan_in_aggregation, fan_out_smurfing, layering_chain, rapid_passthrough) that collectively indicate a clear, high-confidence match to established money laundering typologies involving structuring, layering, and rapid pass-through for the purpose of obscuring illicit fund origins."
ACC000382,"1. SEVERITY: CRITICAL  
2. CASE SUMMARY: The account exhibits rapid funds transfer/pass-through typology, specifically fan-out smurfing and layering chain patterns, where it received funds as one of 41 and then one of 8 rapid recipients from a single source within 300 minutes, while also serving as one of 4 accounts feeding a common recipient within 400 minutes. This structure is suspicious because it uses multiple small, rapid transfers to evade detection thresholds, layers funds through intermediary accounts to obscure origin, and funnels money toward a common endpoint — consistent with a coordinated effort to avoid scrutiny by breaking down large sums into sub-reporting transactions and using pass-through accounts to disrupt audit trails.  
3. RECOMMENDED ACTION: File a SAR and freeze the account pending further investigation, as the combination of high risk score (96/100) and multiple corroborating layering and smurfing patterns indicates a clear, structured attempt to conceal the source and movement of funds, meeting the threshold for immediate intervention."
ACC004639,"1. SEVERITY: CRITICAL  
2. CASE SUMMARY: The evidence indicates a rapid funds transfer/pass-through typology, where the account received $8,142 (122.4x its typical transaction size) from a single source and forwarded $7,863 within 2 hours, consistent with layering and smurfing patterns. This is suspicious because the speed and scale of funds movement — particularly the near-instant pass-through of almost the entire amount — is designed to evade detection by breaking transactions into smaller, seemingly innocuous flows that avoid manual review thresholds and exploit timing gaps in monitoring systems. The corroborating fan_in_aggregation and fan_out_smurfing patterns further suggest the account is acting as a conduit in a coordinated network, likely aggregating illicit funds from multiple sources before rapidly dispersing them to obscure the audit trail.  
3. RECOMMENDED ACTION: File a SAR and freeze the account pending investigation, given the CRITICAL risk score, multiple corroborating typologies (rapid pass-through, layering, smurfing, fan-in/fan-out), and clear evidence of structured, high-velocity fund movement indicative of active money laundering."
ACC000824,"1. SEVERITY: CRITICAL  
2. CASE SUMMARY: The account exhibits characteristics of rapid funds transfer/pass-through layering, where it received $13,732 — 225.5 times its typical transaction size — from a single source and forwarded $13,047 within two hours, while also being one of 41 rapid recipients in a fan-out smurfing event and part of a 4-hop P2P layering chain. This pattern is suspicious because the extreme disproportion between incoming and typical transaction size, combined with near-instant onward movement, indicates an attempt to obscure the origin of funds through rapid dispersal and recombination, defeating manual review by exploiting speed and fragmentation to avoid detection thresholds.  
3. RECOMMENDED ACTION: File a SAR and freeze the account pending further investigation, as the combination of high risk score (87/100) and three corroborating patterns — including clear evidence of structuring via fan-out smurfing, rapid pass-through, and multi-hop layering — meets the threshold for CRITICAL severity with strong typological alignment to layering and structuring under FATF guidance."
ACC004710,"1. SEVERITY: CRITICAL  
2. CASE SUMMARY: The account exhibits rapid funds transfer/pass-through typology, receiving $8,733 (304.7x its typical transaction size) and forwarding $8,054 within 2 hours, indicating near-instantaneous movement of funds inconsistent with legitimate account use. This is corroborated by fan-in aggregation (10 unrelated accounts sending to a common recipient within 400 minutes) and placement in a 4-hop layering chain, suggesting the account is being used as a transient conduit to obscure the origin of funds through rapid, sequential transfers. The combination of high-volume pass-through, multi-source aggregation, and layered P2P routing defeats manual review by design — funds move too quickly and through too many intermediaries for timely human intervention, a hallmark of structured layering to evade detection.  
3. RECOMMENDED ACTION: File a SAR and freeze the account pending further investigation, as the evidence meets CRITICAL severity thresholds (score ≥80 with 2+ corroborating patterns) and aligns with a clear rapid funds transfer/pass-through typology enhanced by fan-in aggregation and layering, indicating active use in a money laundering scheme requiring immediate intervention."
ACC004448,"1. SEVERITY: CRITICAL

2. CASE SUMMARY: The evidence indicates a rapid funds transfer/pass-through typology, where the account received $7,900 — 323 times its typical transaction size — from a single source and forwarded the identical amount within 2 hours, while also being one of eight rapid recipients in a fan-out smurfing event and part of a 4-hop layering chain. This pattern is suspicious because the immediate, full pass-through of funds defeats manual review by creating no meaningful economic purpose or risk exposure for the account holder, instead serving as a conduit to obscure the origin of funds through speed and fragmentation across multiple accounts, consistent with layering and structuring techniques designed to evade detection thresholds.

3. RECOMMENDED ACTION: File a SAR and freeze the account pending further investigation, as the combination of a high risk score (82/100) and three corroborating patterns — rapid pass-through, fan-out smurfing, and layering chain — meets the threshold for CRITICAL severity with clear evidence of a coordinated money laundering typology involving structuring, layering, and rapid funds transfer to obscure illicit proceeds."
ACC004256,"1. SEVERITY: CRITICAL  
2. CASE SUMMARY: The account exhibits rapid funds transfer/pass-through typology, receiving $11,761 — 386.6 times its typical transaction size — and forwarding $11,015 within 2 hours, indicating near-instantaneous movement of funds inconsistent with legitimate personal or business use. This is corroborated by fan-out smurfing (being one of eight rapid recipients from a single source within 300 minutes) and participation in a 4-hop layering chain, suggesting structured placement and deliberate obfuscation through multiple P2P hops. The combination of high-volume pass-through, smurf-like inbound structuring, and multi-hop layering defeats manual review by design, as funds are dispersed and reassembled too quickly for timely human intervention, a hallmark of coordinated money laundering.  
3. RECOMMENDED ACTION: File a SAR and freeze the account pending investigation. The convergence of three corroborating patterns — rapid pass-through, fan-out smurfing, and layering chain — with a high risk score (82/100) meets the threshold for CRITICAL severity and clear typology match, warranting immediate intervention to prevent further layering or integration. Enhanced monitoring or passive review would be insufficient given the velocity and scale of fund movement observed."
ACC002817,"1. SEVERITY: CRITICAL

2. CASE SUMMARY: The evidence indicates a rapid funds transfer/pass-through typology, where the account received $8,754 (221.1x its typical transaction size) and forwarded $8,438 within 2 hours, while also participating in a 4-hop layering chain and receiving funds from 10 unrelated accounts within 400 minutes. This pattern is suspicious because the extreme disproportion between incoming and outgoing funds relative to the account’s normal behavior, combined with rapid onward transmission and aggregation from multiple unrelated sources, suggests the account is being used as a conduit to obscure the origin of funds — a hallmark of layering in money laundering, where illicit proceeds are moved quickly through multiple accounts to evade detection by manual review or rule-based systems that rely on historical norms.

3. RECOMMENDED ACTION: File a SAR and freeze the account pending further investigation, as the combination of a high risk score (82/100) and three corroborating patterns (fan_in_aggregation, rapid_passthrough, layering_chain) meets the threshold for CRITICAL severity with clear evidence of a layered, pass-through scheme indicative of active money laundering."
ACC003493,"1. SEVERITY: CRITICAL  
2. CASE SUMMARY: The evidence indicates a rapid funds transfer/pass-through typology, where the account received $6,286 (143.9x its typical transaction size) and forwarded the same amount within 2 hours, suggesting it acted as a conduit rather than a legitimate endpoint. This is corroborated by fan-in aggregation patterns showing the account was one of multiple unrelated senders (10 and 6 accounts, respectively) feeding a common recipient within short timeframes (400 minutes), consistent with a mule collection or aggregation layer in a layering scheme. The speed and scale of the pass-through defeat manual review by design, as funds are moved too quickly for human intervention, while the fan-in suggests coordinated structuring to avoid detection thresholds.  
3. RECOMMENDED ACTION: File a SAR and freeze the account pending further investigation, as the combination of rapid pass-through and multi-source fan-in aggregation meets the threshold for a clear layering typology with high-risk indicators warranting immediate intervention."
ACC001995,"1. SEVERITY: CRITICAL  
2. CASE SUMMARY: The evidence indicates a rapid funds transfer/pass-through typology, where ACC001995 received $10,812 (132.3x its typical transaction size) and forwarded $9,761 within 2 hours, combined with fan-in aggregation from 10 and 8 unrelated accounts feeding a common recipient within 400 minutes. This pattern is suspicious because the extreme disproportion in transaction size relative to the account’s normal behavior, coupled with immediate onward forwarding, suggests the account is being used as a conduit to layer and obscure the origin of funds — defeating manual review by exploiting speed and volume to avoid detection thresholds. The convergence of multiple small inflows from unrelated sources followed by rapid outflow aligns with a mule-assisted layering scheme designed to integrate illicit proceeds through apparent legitimacy.  
3. RECOMMENDED ACTION: File a SAR and freeze the account pending further investigation, as the combination of high risk score (82/100), two corroborating patterns (fan_in_aggregation and rapid_passthrough), and clear match to rapid funds transfer/pass-through typology meets the threshold for immediate intervention to prevent potential layering of illicit funds."
ACC004062,"1. SEVERITY: CRITICAL  
2. CASE SUMMARY: The evidence indicates a rapid funds transfer/pass-through typology, where the account received two unusually large inflows (13,038 and 4,266 units, each far exceeding its typical transaction size) and forwarded nearly identical amounts within two hours — consistent with layering through high-velocity transit. This is further supported by fan_in_aggregation, showing the account is one of ten feeding a common recipient within a short window, suggesting aggregation of illicit proceeds from multiple sources before rapid onward movement. The combination of abnormal scale, speed, and convergent flow defeats manual review by design, as funds are moved too quickly for human intervention and appear structured to evade thresholds while masking origin through layered aggregation.  
3. RECOMMENDED ACTION: File a SAR and freeze the account pending investigation."
ACC004761,"1. SEVERITY: CRITICAL  
2. CASE SUMMARY: The evidence indicates a rapid funds transfer/pass-through typology, where the account received $8,188 (209.1x its typical transaction size) and forwarded the identical amount within 2 hours, suggesting use as a conduit to obscure the origin of funds. This is further supported by fan-in aggregation patterns, showing the account is one of multiple unrelated senders (1 of 10 and 1 of 4) feeding a common recipient within a short window (400 minutes), consistent with a mule collection mechanism. The combination of high-volume, same-value in-and-out movement with converging inflows from disparate sources defeats manual review by creating the illusion of legitimate activity while enabling layering and integration of illicit proceeds.  
3. RECOMMENDED ACTION: File a SAR and freeze the account pending investigation, as the CRITICAL severity score (82) is corroborated by two distinct, high-confidence patterns (fan_in_aggregation and rapid_passthrough) that together strongly indicate a structured layering scheme via pass-through accounts, warranting immediate intervention to prevent further misuse."
ACC002990,"1. SEVERITY: CRITICAL

2. CASE SUMMARY: The evidence indicates a rapid funds transfer/pass-through typology, where the account received a transaction 240.5 times its typical size (7,794 units) and forwarded 7,628 units within 2 hours, suggesting near-instantaneous movement of funds with minimal retention. This is further supported by fan-in aggregation from 10 unrelated accounts within a short window (400 minutes) and placement within a 4-hop layering chain, indicating the account is likely acting as a transient node in a structured layering scheme designed to obscure the origin and destination of illicit proceeds. The speed and volume of flow defeat manual review by creating a high-velocity, low-dwell-time pattern that mimics legitimate liquidity management but is inconsistent with the account’s historical behavior, raising strong suspicion of intentional obfuscation.

3. RECOMMENDED ACTION: File a SAR and freeze the account pending further investigation, as the combination of a high risk score (82/100) and three corroborating patterns — rapid pass-through, fan-in aggregation, and layering chain — meets the threshold for CRITICAL severity with clear alignment to established money laundering typologies involving structuring through aggregation and instantaneous layering via P2P chains."
ACC004931,"1. SEVERITY: CRITICAL

2. CASE SUMMARY: The evidence indicates a structuring (smurfing) typology, where the account received funds as one of eight rapid recipients from a single source within 300 minutes, suggesting an attempt to evade reporting thresholds by splitting a larger sum. The account then received a transaction of 9,504 units (237.7x its typical size) and forwarded 8,660 units within two hours, consistent with rapid funds pass-through and layering through a 4-hop P2P chain. This pattern is suspicious because the speed and volume disrupt normal transaction monitoring — funds move too quickly for manual review to intercept, and the layered, multi-hop structure obscures the origin and ultimate beneficiary, classic traits of layering in money laundering.

3. RECOMMENDED ACTION: File a SAR and freeze the account pending further investigation, as the combination of a high risk score (82/100) and three corroborating patterns (fan_out_smurfing, rapid_passthrough, layering_chain) meets the threshold for CRITICAL severity with clear typological evidence of structuring and layering, warranting immediate intervention to prevent further illicit movement."
ACC000052,"1. SEVERITY: CRITICAL

2. CASE SUMMARY: The account exhibits characteristics of rapid funds transfer/pass-through layering, where it received $10,149 — approximately 243 times its typical transaction size — from a single source and forwarded the same amount within 2 hours, while also being one of eight rapid recipients in a fan-out smurfing pattern and part of a 4-hop P2P chain. This combination suggests an attempt to obscure the origin of funds through rapid dispersal and recombination across multiple accounts, defeating manual review by exploiting speed and fragmentation to avoid detection thresholds. The layered structure indicates deliberate obfuscation consistent with money laundering typologies involving structuring and layering to integrate illicit proceeds.

3. RECOMMENDED ACTION: File a SAR and freeze the account pending further investigation, as the evidence confirms a clear rapid pass-through and layering typology with corroborating smurfing behavior, meeting the threshold for immediate intervention to prevent potential fund dissipation."
ACC000051,"1. SEVERITY: HIGH  
2. CASE SUMMARY: The account exhibits rapid funds transfer/pass-through typology, receiving $6,105 (199.4x its typical transaction size) and forwarding $5,922 within 2 hours, coinciding with fan_out_smurfing (as one of 40 rapid recipients from a single source within 300 minutes) and fan_in_aggregation (one of 4 accounts feeding a common recipient within 400 minutes). This pattern is suspicious because the speed and scale of funds movement — particularly the near-total pass-through of unusually large amounts inconsistent with the account’s normal behavior — suggests layering to obscure origin, while the coordinated inflows from multiple sources and rapid dispersion indicate potential use as a conduit in a structured smurfing or mule network designed to evade detection thresholds.  
3. RECOMMENDED ACTION: File a SAR and place the account under enhanced monitoring with KYC re-verification triggered; do not freeze immediately, as the evidence, while strongly indicative of layering and structuring, lacks confirmed cash-out or ties to known illicit entities that would warrant urgent fund immobilization at this stage."
ACC002079,"1. SEVERITY: HIGH  
2. CASE SUMMARY: The account exhibits rapid funds transfer/pass-through typology, receiving funds as one of 40 rapid recipients from a single source within 300 minutes, followed by rapid outbound cash-out. This pattern is suspicious because the speed and volume of inbound transfers from unrelated accounts (fan-in aggregation at 20x baseline rate) suggest the account is being used as a mule collection point to aggregate illicit funds before immediate liquidation via cash-out, which defeats manual review by obscuring the origin and purpose of funds through rapid layering and dispersal.  
3. RECOMMENDED ACTION: File a SAR and place the account under enhanced monitoring with KYC re-verification triggered, as the evidence shows strong indicators of structuring and layering via fan-in/fan-out smurfing with rapid cash-out, but lacks definitive confirmation of criminal origin or large-scale systemic abuse to warrant immediate freeze without further validation."
ACC002122,"1. SEVERITY: HIGH  
2. CASE SUMMARY: The account exhibits rapid funds transfer/pass-through typology, receiving funds as one of 40 rapid recipients from a single source within 300 minutes, followed by aggregation from 10 unrelated accounts within 400 minutes (20x baseline) and immediate cash-out. This pattern is suspicious because the speed and dispersion of inbound funds — particularly the fan-in from multiple unrelated accounts — suggests aggregation of illicit proceeds, while the rapid outbound cash-out indicates an attempt to layer and integrate funds before detection, exploiting the delay in manual review cycles to obscure the trail.  
3. RECOMMENDED ACTION: File a SAR and place the account under enhanced monitoring with KYC re-verification triggered, as the evidence supports a clear typology (rapid funds transfer/pass-through with aggregation) but lacks confirmation of structuring or smurfing thresholds that would warrant immediate freeze without further review."
ACC001974,"1. SEVERITY: HIGH

2. CASE SUMMARY: The evidence indicates a rapid funds transfer/pass-through typology, where the account received 99 units (3.1x its typical transaction size) and forwarded 275 units within 2 hours, suggesting it is being used as a conduit to quickly move funds through the financial system. This pattern is suspicious because the speed and volume of inflow and outflow — particularly the disproportionate forwarding relative to receipt — are inconsistent with normal customer behavior and are designed to evade detection by overwhelming manual review processes or exploiting timing gaps in monitoring systems. The corroborating fan_in_aggregation and fan_out_smurfing patterns further suggest the account may be part of a coordinated network layering funds from multiple sources or dispersing them to avoid thresholds.

3. RECOMMENDED ACTION: File a SAR and place the account under enhanced monitoring with KYC re-verification triggered, given the HIGH severity score (73) and multiple corroborating patterns indicating structured layering behavior, but without definitive evidence of cash-out or final placement that would warrant immediate freezing."
ACC002390,"1. HIGH  
2. CASE SUMMARY: The evidence indicates a layering typology involving rapid funds transfer/pass-through, where the account received $12,697 (209.6x its typical transaction size) and forwarded $11,857 within 2 hours, while also participating in a 4-hop P2P transfer chain and receiving funds from multiple unrelated accounts within a short window. This pattern is suspicious because the rapid inflow and near-immediate outflow — especially at volumes vastly exceeding the account’s normal behavior — suggests the account is being used as a conduit to obscure the origin of funds, defeating manual review by completing the transaction cycle before alerts can be meaningfully investigated. The fan-in aggregation from four separate accounts further implies aggregation of illicit proceeds from multiple sources, consistent with mule network activity.  
3. RECOMMENDED ACTION: File a SAR and place enhanced monitoring with KYC re-verification triggered; do not freeze the account immediately, as while the typology is strongly suggestive of layering, there is no confirmed cash-out or direct link to illicit source in the evidence, and freezing may prematurely alert sophisticated actors without sufficient grounds for intervention."
